path,size_mb,extension,hash,client,project
archivos/5288798.jpg,0.7566375732421875,.jpg,035b717064667660,ClientA,Campaign2025
archivos/8282810.jpg,0.5883264541625977,.jpg,ff00ad8181b981ff,ClientA,Campaign2025
archivos/9129001.jpg,1.7124557495117188,.jpg,e780c18782d65e0c,ClientA,Campaign2025
